archivo_para_claude,nombre_original,sha256
audio/foley/01_carne_parrilla.mp3,freesound_community-adding-bacon-to-frying-pan-29957.mp3,ef987013933bf462759075f7c73e69ac5e71a675cce2b1ab7ea99c13e1d7837e
audio/foley/02_sizzle_base.mp3,floraphonic-frying-pan-hot-sizzle-loop-1-200912.mp3,e89d9a09b83768a7fc2236950bca3ae889a6138b342247cd008deed4c553f50a
audio/foley/03_sizzle_detalle.mp3,floraphonic-cooking-oil-sizzle-1-171525.mp3,a8db7d8af437a429c6b86fa6e835a71262c092c580a0c33074063f8c42217505
audio/foley/04_fuego.mp3,dragon-studio-fire-sounds-356121.mp3,e493564ddbe47447c155fd204d964144fdfd616d2160a4f49ffecb61136dcc49
audio/foley/05_vapor.mp3,freesound_community-air-or-steam-pressure-release-29600.mp3,d6e9a71c7ca99dd1f05bc5706f5c7c948d156347d1b453c75014782fe345c6d9
audio/foley/06_queso_textura.mp3,freesound_community-mixing-pasta-76522.mp3,0646560743e1cef01a73776df8383fc79a5f4b0309f9bbebea4451fb8882aea2
audio/foley/07_queso_elastico.mp3,freesound_community-squishing-gel-between-hands-25972.mp3,af0824d196ddcd19a06fc67c70f28b5a69105d2933a5d10eb73d0f4813731f55
audio/foley/08_engranajes.mp3,dragon-studio-ancient-mechanical-gears-487670.mp3,d91da348623882da92de0c71b2bd8c478865a0b758f4f46237f809b38a9fafb1
audio/foley/09_impacto_metalico.mp3,dragon-studio-giant-gears-504025.mp3,24da77209bb38a1fca67131858decdda1205c7c0bdff71e4eda12fa1a45b8f10
audio/foley/10_whoosh.mp3,soundreality-whoosh-velocity-383019.mp3,a76cbedefb84c911eefea5c49b3bd3789494fd4e4fa96cff93840062fdab39a0
audio/foley/11_transicion.mp3,dragon-studio-dramatic-transition-346046.mp3,eadde0f67f1e667983cecf83d8d3b668a20ec9fdecbe709af1a9dc2046fc9421
audio/foley/12_mordisco.mp3,freesound_community-bite-in-crunchy-bread-46216.mp3,9ebb069518229bb0719f7ccfc8ff168e0097882edf0bcffda4fda4c410d0bbdb
audio/foley/13_crunch_asmr.mp3,juliush-crispy-and-crunchy-eating-cookies-or-bread-from-a-plate-asmr-8266.mp3,0c7e6a343bb2bbb93f1c9b99929fa44b55c4552bbc1bc102d32bc6cdd5b6a734
audio/foley/14_plato.mp3,freesound_community-put-to-table-a-dish-80565.mp3,9b9ba05aa741c2a4ef217b3bbb9091ca96532321fd379ca3c6b9b5c3e1c4df59
audio/foley/15_cubiertos.mp3,oxidvideos-cutlery-on-plate-449635.mp3,56ed02cdf0b4de4ffbe0932b4fcca77ae67e95fca87eb42b3180a032601bb81e
audio/foley/16_impacto_humedo.mp3,universfield-wet-impact-352440.mp3,4167ff30ad5b1d26e6790403384ccacf17eb7873d54b3638756f75984f27be2e
